component,variance_explained,cumulative_variance
13,0.014876122,0.7397016
14,0.014039243,0.75374085
15,0.012282776,0.76602364
16,0.011046507,0.77707016
