component,variance_explained,cumulative_variance
5,0.04265961,0.5640131
6,0.03795044,0.6019636
7,0.02534423,0.62730783
8,0.023818312,0.65112615
