component,variance_explained,cumulative_variance
41,0.0025834322,0.9100652
42,0.0025108987,0.912576
43,0.0024099478,0.914986
44,0.0022911557,0.91727716
