component,variance_explained,cumulative_variance
17,0.010799778,0.78786993
18,0.009560093,0.79743004
19,0.008584566,0.8060146
20,0.0081244605,0.81413907
