component,variance_explained,cumulative_variance
33,0.0038174505,0.88536114
34,0.0036699306,0.88903105
35,0.0034584831,0.89248955
36,0.003227813,0.8957174
