component,variance_explained,cumulative_variance
37,0.0030839331,0.89880127
38,0.0029699288,0.9017712
39,0.0028935312,0.90466475
40,0.0028169658,0.90748173
