component,variance_explained,cumulative_variance
37,0.0035192503,0.7965733
38,0.0034429466,0.8000162
39,0.0032329399,0.8032492
40,0.0031497704,0.8063989
