component,variance_explained,cumulative_variance
29,0.0050329342,0.76326346
30,0.0048619923,0.7681254
31,0.004778851,0.7729043
32,0.0045577576,0.77746207
