component,variance_explained,cumulative_variance
45,0.0028140787,0.82115376
46,0.002735196,0.82388896
47,0.0026198712,0.8265088
48,0.0025259517,0.8290348
49,0.0025016428,0.8315364
50,0.0024349296,0.8339714
