component,variance_explained,cumulative_variance
21,0.007286617,0.7159725
22,0.0068808915,0.72285336
23,0.006521183,0.7293746
24,0.0061387285,0.73551327
