component,variance_explained,cumulative_variance
13,0.012594156,0.64065474
14,0.011596675,0.6522514
15,0.011233151,0.6634846
16,0.01040268,0.67388725
