component,variance_explained,cumulative_variance
25,0.0060013672,0.7415147
26,0.005780933,0.7472956
27,0.0056191296,0.7529147
28,0.0053157797,0.7582305
