component,variance_explained,cumulative_variance
33,0.004247337,0.7817094
34,0.004031834,0.7857412
35,0.0037479312,0.78948915
36,0.0035649026,0.79305404
