component,variance_explained,cumulative_variance
17,0.009880532,0.68376774
18,0.009042482,0.69281024
19,0.008185579,0.7009958
20,0.0076900492,0.7086859
