component,variance_explained,cumulative_variance
1,0.21140684,0.21140684
2,0.0891458,0.30055264
3,0.070306525,0.37085918
4,0.06303985,0.43389902
