component,variance_explained,cumulative_variance
41,0.0030736534,0.8094726
42,0.003042082,0.81251466
43,0.0029380908,0.81545275
44,0.0028869114,0.8183397
