component,variance_explained,cumulative_variance
9,0.021739785,0.582267
10,0.016675968,0.598943
11,0.016058126,0.6150011
12,0.013059461,0.6280606
