component,variance_explained,cumulative_variance
5,0.043987885,0.47788692
6,0.033345662,0.51123255
7,0.026076043,0.53730863
8,0.023218617,0.5605272
