component,variance_explained,cumulative_variance
45,0.0021673124,0.91944444
46,0.0021644107,0.92160887
47,0.0020562115,0.9236651
48,0.0019364875,0.92560154
49,0.0018985254,0.92750007
50,0.0017698084,0.9292699
