component,variance_explained,cumulative_variance
9,0.02153518,0.6726613
10,0.01925845,0.69191974
11,0.017480947,0.7094007
12,0.015424792,0.7248255
