component,variance_explained,cumulative_variance
25,0.00605764,0.8472022
26,0.0057654567,0.8529676
27,0.005562518,0.85853016
28,0.005479876,0.86401004
