component,variance_explained,cumulative_variance
29,0.0048762155,0.86888623
30,0.0045407657,0.87342703
31,0.004168832,0.87759584
32,0.0039478373,0.8815437
