component,variance_explained,cumulative_variance
1,0.22949131,0.22949131
2,0.17125778,0.4007491
3,0.06619018,0.46693927
4,0.054414272,0.52135354
