component,variance_explained,cumulative_variance
21,0.007947593,0.82208663
22,0.00671837,0.828805
23,0.006256928,0.83506197
24,0.006082592,0.84114456
